MariaDB [fisher25]> use fisher25;
Database changed
MariaDB [fisher25]> show tables;
+----------------------+
| Tables_in_fisher25   |
+----------------------+
| colors               |
| fisher25_classes     |
| fisher25_enrollments |
| fisher25_students    |
| students             |
| todos                |
+----------------------+
6 rows in set (0.001 sec)

MariaDB [fisher25]> \.CreateEmp.sql
ERROR: Usage: \. <filename> | source <filename>
MariaDB [fisher25]> \. /home/brock/DownloadsCreateEmp.sql
ERROR: Failed to open file '/home/brock/DownloadsCreateEmp.sql', error: 2
MariaDB [fisher25]> \. /home/brock/Downloads/CreateEmp.sql
ERROR: Failed to open file '/home/brock/Downloads/CreateEmp.sql', error: 2
MariaDB [fisher25]> \. ~/Downloads/CreateEmp.sql
ERROR: Failed to open file '/s/chopin/g/under/fisher25/Downloads/CreateEmp.sql', error: 2
MariaDB [fisher25]> \. CreateEmp.sql
ERROR: Failed to open file 'CreateEmp.sql', error: 2
MariaDB [fisher25]> source /home/brock/Downloads
ERROR: Failed to open file '/home/brock/Downloads', error: 2
MariaDB [fisher25]> source /home/brock/Downloads/CreateEmp.sql
ERROR: Failed to open file '/home/brock/Downloads/CreateEmp.sql', error: 2
MariaDB [fisher25]> source /home/brock/Documents/cs430/CreateEmp.sql
ERROR: Failed to open file '/home/brock/Documents/cs430/CreateEmp.sql', error: 2
MariaDB [fisher25]> source /home/brock/Documents/cs430/CreateEmp.sql;
ERROR: Failed to open file '/home/brock/Documents/cs430/CreateEmp.sql', error: 2
MariaDB [fisher25]> source /home/brock/Documents/cs430/Lab03.sql;
ERROR: Failed to open file '/home/brock/Documents/cs430/Lab03.sql', error: 2
MariaDB [fisher25]> source ~/home/brock/Documents/cs430/Lab03.sql;
ERROR: Failed to open file '/s/chopin/g/under/fisher25/home/brock/Documents/cs430/Lab03.sql', error: 2
MariaDB [fisher25]> source home/brock/Documents/cs430/Lab03.sql;
ERROR: Failed to open file 'home/brock/Documents/cs430/Lab03.sql', error: 2
MariaDB [fisher25]> \. /home/brock/Documents/cs430/Lab03.sql
ERROR: Failed to open file '/home/brock/Documents/cs430/Lab03.sql', error: 2
MariaDB [fisher25]> DROP TABLE IF EXISTS dept_emp,
    ->                      dept_manager,
    ->                      titles,
    ->                      salaries, 
    ->                      employees, 
    ->                      departments;
Query OK, 0 rows affected, 6 warnings (0.001 sec)

MariaDB [fisher25]> DROP TABLE IF EXISTS dept_emp,
    ->                      dept_manager,
    ->                      titles,
    ->                      salaries, 
    ->                      employees, 
    -> ;
ERROR 1064 (42000): You have an error in your SQL syntax; check the manual that corresponds to your MariaDB server version for the right syntax to use near '' at line 5
MariaDB [fisher25]> CREATE TABLE employees (
    ->     emp_no      INT             NOT NULL,
    ->     birth_date  DATE            NOT NULL,
    ->     first_name  VARCHAR(14)     NOT NULL,
    ->     last_name   VARCHAR(16)     NOT NULL,
    ->     gender      ENUM ('M','F')  NOT NULL,    
    ->     hire_date   DATE            NOT NULL,
    ->     PRIMARY KEY (emp_no)
    -> );
Query OK, 0 rows affected (0.191 sec)

MariaDB [fisher25]> CREATE TABLE departments (
    ->     dept_no     CHAR(4)         NOT NULL,
    ->     dept_name   VARCHAR(40)     NOT NULL,
    ->     PRIMARY KEY (dept_no),
    ->     UNIQUE  KEY (dept_name)
    -> );
Query OK, 0 rows affected (0.168 sec)

MariaDB [fisher25]> CREATE TABLE dept_manager (
    ->    emp_no       INT             NOT NULL,
    ->    dept_no      CHAR(4)         NOT NULL,
    ->    from_date    DATE            NOT NULL,
    ->    to_date      DATE            NOT NULL,
    ->    FOREIGN KEY (emp_no)  REFERENCES employees (emp_no)    ON DELETE CASCADE,
    ->    FOREIGN KEY (dept_no) REFERENCES departments (dept_no) ON DELETE CASCADE,
    ->    PRIMARY KEY (emp_no,dept_no)
    -> ); 
Query OK, 0 rows affected (0.174 sec)

MariaDB [fisher25]> CREATE TABLE dept_emp (
    ->     emp_no      INT             NOT NULL,
    ->     dept_no     CHAR(4)         NOT NULL,
    ->     from_date   DATE            NOT NULL,
    ->     to_date     DATE            NOT NULL,
    ->     FOREIGN KEY (emp_no)  REFERENCES employees   (emp_no)  ON DELETE CASCADE,
    ->     FOREIGN KEY (dept_no) REFERENCES departments (dept_no) ON DELETE CASCADE,
    ->     PRIMARY KEY (emp_no,dept_no)
    -> );
Query OK, 0 rows affected (0.191 sec)

MariaDB [fisher25]> CREATE TABLE titles (
    ->     emp_no      INT             NOT NULL,
    ->     title       VARCHAR(50)     NOT NULL,
    ->     from_date   DATE            NOT NULL,
    ->     to_date     DATE,
    ->     FOREIGN KEY (emp_no) REFERENCES employees (emp_no) ON DELETE CASCADE,
    ->     PRIMARY KEY (emp_no,title, from_date)
    -> ) 
    -> ; 
Query OK, 0 rows affected (0.167 sec)

MariaDB [fisher25]> CREATE TABLE salaries (
    ->     emp_no      INT             NOT NULL,
    ->     salary      INT             NOT NULL,
    ->     from_date   DATE            NOT NULL,
    ->     to_date     DATE            NOT NULL,
    ->     FOREIGN KEY (emp_no) REFERENCES employees (emp_no) ON DELETE CASCADE,
    ->     PRIMARY KEY (emp_no, from_date)
    -> ) 
    -> ; 
Query OK, 0 rows affected (0.153 sec)

MariaDB [fisher25]> REATE OR REPLACE SQL SECURITY INVOKER VIEW dept_emp_latest_date AS
    ->     SELECT emp_no, MAX(from_date) AS from_date, MAX(to_date) AS to_date
    ->     FROM dept_emp
    ->     GROUP BY emp_no;
ERROR 1064 (42000): You have an error in your SQL syntax; check the manual that corresponds to your MariaDB server version for the right syntax to use near 'REATE OR REPLACE SQL SECURITY INVOKER VIEW dept_emp_latest_date AS
    SELECT...' at line 1
MariaDB [fisher25]> CREATE OR REPLACE SQL SECURITY INVOKER VIEW dept_emp_latest_date AS     SELECT emp_no, MAX(from_date) AS from_date, MAX(to_date) AS to_date     FROM dept_emp     GROUP BY emp_no;
Query OK, 0 rows affected (0.022 sec)

MariaDB [fisher25]> CREATE OR REPLACE SQL SECURITY INVOKER VIEW current_dept_emp AS
    ->     SELECT l.emp_no, dept_no, l.from_date, l.to_date
    ->     FROM dept_emp d
    ->         INNER JOIN dept_emp_latest_date l
    ->         ON d.emp_no=l.emp_no AND d.from_date=l.from_date AND l.to_date = d.to_date;
Query OK, 0 rows affected (0.025 sec)

MariaDB [fisher25]> show tables;
+----------------------+
| Tables_in_fisher25   |
+----------------------+
| colors               |
| current_dept_emp     |
| departments          |
| dept_emp             |
| dept_emp_latest_date |
| dept_manager         |
| employees            |
| fisher25_classes     |
| fisher25_enrollments |
| fisher25_students    |
| salaries             |
| students             |
| titles               |
| todos                |
+----------------------+
14 rows in set (0.001 sec)

MariaDB [fisher25]> describe salaries;
+-----------+---------+------+-----+---------+-------+
| Field     | Type    | Null | Key | Default | Extra |
+-----------+---------+------+-----+---------+-------+
| emp_no    | int(11) | NO   | PRI | NULL    |       |
| salary    | int(11) | NO   |     | NULL    |       |
| from_date | date    | NO   | PRI | NULL    |       |
| to_date   | date    | NO   |     | NULL    |       |
+-----------+---------+------+-----+---------+-------+
4 rows in set (0.002 sec)

MariaDB [fisher25]> describe students;
+-----------+--------------+------+-----+---------+-------+
| Field     | Type         | Null | Key | Default | Extra |
+-----------+--------------+------+-----+---------+-------+
| studentID | int(11)      | YES  |     | NULL    |       |
| firstName | varchar(256) | YES  |     | NULL    |       |
| lastName  | varchar(256) | YES  |     | NULL    |       |
| age       | int(11)      | YES  |     | NULL    |       |
+-----------+--------------+------+-----+---------+-------+
4 rows in set (0.001 sec)

MariaDB [fisher25]> describe titles;
+-----------+-------------+------+-----+---------+-------+
| Field     | Type        | Null | Key | Default | Extra |
+-----------+-------------+------+-----+---------+-------+
| emp_no    | int(11)     | NO   | PRI | NULL    |       |
| title     | varchar(50) | NO   | PRI | NULL    |       |
| from_date | date        | NO   | PRI | NULL    |       |
| to_date   | date        | YES  |     | NULL    |       |
+-----------+-------------+------+-----+---------+-------+
4 rows in set (0.002 sec)

MariaDB [fisher25]> describe todos;
+-------------+--------------+------+-----+---------+-------+
| Field       | Type         | Null | Key | Default | Extra |
+-------------+--------------+------+-----+---------+-------+
| id          | int(11)      | NO   | PRI | NULL    |       |
| description | varchar(256) | YES  |     | NULL    |       |
| completed   | tinyint(1)   | YES  |     | NULL    |       |
+-------------+--------------+------+-----+---------+-------+
3 rows in set (0.001 sec)

MariaDB [fisher25]> source /home/brock/Documents/cs430/LoadEmp.sql
ERROR: Failed to open file '/home/brock/Documents/cs430/LoadEmp.sql', error: 2
MariaDB [fisher25]> source /s/chopin/g/under/fisher25/cs430/LoadEmp.sql
+---------------------+
| INFO                |
+---------------------+
| LOADING departments |
+---------------------+
1 row in set (0.001 sec)

ERROR: Failed to open file 'load_departments.dump', error: 2
+-------------------+
| INFO              |
+-------------------+
| LOADING employees |
+-------------------+
1 row in set (0.000 sec)

ERROR: Failed to open file 'load_employees.dump', error: 2
+------------------+
| INFO             |
+------------------+
| LOADING dept_emp |
+------------------+
1 row in set (0.000 sec)

ERROR: Failed to open file 'load_dept_emp.dump', error: 2
+----------------------+
| INFO                 |
+----------------------+
| LOADING dept_manager |
+----------------------+
1 row in set (0.000 sec)

ERROR: Failed to open file 'load_dept_manager.dump', error: 2
+----------------+
| INFO           |
+----------------+
| LOADING titles |
+----------------+
1 row in set (0.000 sec)

ERROR: Failed to open file 'load_titles.dump', error: 2
+------------------+
| INFO             |
+------------------+
| LOADING salaries |
+------------------+
1 row in set (0.000 sec)

ERROR: Failed to open file 'load_salaries.dump', error: 2
MariaDB [fisher25]> source /s/chopin/g/under/fisher25/cs430/LoadEmp.sql
+---------------------+
| INFO                |
+---------------------+
| LOADING departments |
+---------------------+
1 row in set (0.000 sec)

ERROR: Failed to open file 'load_departments.dump', error: 2
+-------------------+
| INFO              |
+-------------------+
| LOADING employees |
+-------------------+
1 row in set (0.000 sec)

ERROR: Failed to open file 'load_employees.dump', error: 2
+------------------+
| INFO             |
+------------------+
| LOADING dept_emp |
+------------------+
1 row in set (0.000 sec)

ERROR: Failed to open file 'load_dept_emp.dump', error: 2
+----------------------+
| INFO                 |
+----------------------+
| LOADING dept_manager |
+----------------------+
1 row in set (0.000 sec)

ERROR: Failed to open file 'load_dept_manager.dump', error: 2
+----------------+
| INFO           |
+----------------+
| LOADING titles |
+----------------+
1 row in set (0.000 sec)

ERROR: Failed to open file 'load_titles.dump', error: 2
+------------------+
| INFO             |
+------------------+
| LOADING salaries |
+------------------+
1 row in set (0.000 sec)

ERROR: Failed to open file 'load_salaries.dump', error: 2
MariaDB [fisher25]> source /s/chopin/g/under/fisher25/cs430/LoadEmp.sql
+---------------------+
| INFO                |
+---------------------+
| LOADING departments |
+---------------------+
1 row in set (0.000 sec)

ERROR: Failed to open file 'load_departments.dump', error: 2
+-------------------+
| INFO              |
+-------------------+
| LOADING employees |
+-------------------+
1 row in set (0.000 sec)

ERROR: Failed to open file 'load_employees.dump', error: 2
+------------------+
| INFO             |
+------------------+
| LOADING dept_emp |
+------------------+
1 row in set (0.000 sec)

ERROR: Failed to open file 'load_dept_emp.dump', error: 2
+----------------------+
| INFO                 |
+----------------------+
| LOADING dept_manager |
+----------------------+
1 row in set (0.000 sec)

ERROR: Failed to open file 'load_dept_manager.dump', error: 2
+----------------+
| INFO           |
+----------------+
| LOADING titles |
+----------------+
1 row in set (0.000 sec)

ERROR: Failed to open file 'load_titles.dump', error: 2
+------------------+
| INFO             |
+------------------+
| LOADING salaries |
+------------------+
1 row in set (0.000 sec)

ERROR: Failed to open file 'load_salaries.dump', error: 2
MariaDB [fisher25]> ls
    -> ;
ERROR 1064 (42000): You have an error in your SQL syntax; check the manual that corresponds to your MariaDB server version for the right syntax to use near 'ls' at line 1
MariaDB [fisher25]> source /s/chopin/g/under/fisher25/cs430/LoadEmp.sql
+---------------------+
| INFO                |
+---------------------+
| LOADING departments |
+---------------------+
1 row in set (0.001 sec)

Query OK, 9 rows affected (0.027 sec)
Records: 9  Duplicates: 0  Warnings: 0

+-------------------+
| INFO              |
+-------------------+
| LOADING employees |
+-------------------+
1 row in set (0.000 sec)

Query OK, 124 rows affected (0.084 sec)
Records: 124  Duplicates: 0  Warnings: 0

+------------------+
| INFO             |
+------------------+
| LOADING dept_emp |
+------------------+
1 row in set (0.000 sec)

Query OK, 134 rows affected (0.118 sec)
Records: 134  Duplicates: 0  Warnings: 0

+----------------------+
| INFO                 |
+----------------------+
| LOADING dept_manager |
+----------------------+
1 row in set (0.000 sec)

Query OK, 24 rows affected (0.029 sec)
Records: 24  Duplicates: 0  Warnings: 0

+----------------+
| INFO           |
+----------------+
| LOADING titles |
+----------------+
1 row in set (0.000 sec)

Query OK, 205 rows affected (0.083 sec)
Records: 205  Duplicates: 0  Warnings: 0

+------------------+
| INFO             |
+------------------+
| LOADING salaries |
+------------------+
1 row in set (0.000 sec)

Query OK, 1386 rows affected (0.130 sec)
Records: 1386  Duplicates: 0  Warnings: 0

MariaDB [fisher25]> SELECT 
    -> e.emp_no, last_name, dept_name 
    -> FROM
    -> employees e, departments d, dept_emp de
    -> WHERE
    -> e.emp_no = de.emp_no AND de.dept_no = d.dept_no
    -> ORDER BY
    -> e.emp_no;
+--------+--------------+--------------------+
| emp_no | last_name    | dept_name          |
+--------+--------------+--------------------+
|  10001 | Facello      | Development        |
|  10002 | Simmel       | Sales              |
|  10003 | Bamford      | Production         |
|  10004 | Koblick      | Production         |
|  10005 | Maliniak     | Human Resources    |
|  10006 | Preusig      | Development        |
|  10007 | Zielinski    | Research           |
|  10008 | Kalloufi     | Development        |
|  10009 | Peac         | Quality Management |
|  10010 | Piveteau     | Production         |
|  10010 | Piveteau     | Quality Management |
|  10011 | Sluis        | Customer Service   |
|  10012 | Bridgland    | Development        |
|  10013 | Terkki       | Human Resources    |
|  10014 | Genin        | Development        |
|  10015 | Nooteboom    | Research           |
|  10016 | Cappelletti  | Sales              |
|  10017 | Bouloucos    | Marketing          |
|  10018 | Peha         | Production         |
|  10018 | Peha         | Development        |
|  10019 | Haddadi      | Research           |
|  10020 | Warwick      | Production         |
|  10021 | Erde         | Development        |
|  10022 | Famili       | Development        |
|  10023 | Montemayor   | Development        |
|  10024 | Pettey       | Production         |
|  10025 | Heyers       | Development        |
|  10026 | Berztiss     | Production         |
|  10027 | Reistad      | Development        |
|  10028 | Tempesti     | Development        |
|  10029 | Herbst       | Quality Management |
|  10029 | Herbst       | Production         |
|  10030 | Demeyer      | Production         |
|  10031 | Joslin       | Development        |
|  10032 | Reistad      | Production         |
|  10033 | Merlo        | Quality Management |
|  10034 | Swan         | Sales              |
|  10035 | Chappelet    | Production         |
|  10036 | Portugali    | Human Resources    |
|  10037 | Makrucki     | Development        |
|  10038 | Lortz        | Customer Service   |
|  10039 | Brender      | Human Resources    |
|  10040 | Meriste      | Development        |
|  10040 | Meriste      | Research           |
|  10041 | Lenart       | Sales              |
|  10042 | Stamatiou    | Finance            |
|  10043 | Tzvieli      | Development        |
|  10044 | Casley       | Production         |
|  10045 | Shanbhogue   | Production         |
|  10046 | Rosenbaum    | Research           |
|  10047 | Nyanchama    | Production         |
|  10048 | Syrotiuk     | Development        |
|  10049 | Tramer       | Customer Service   |
|  10050 | Dredge       | Sales              |
|  10050 | Dredge       | Finance            |
|  10051 | Caine        | Production         |
|  10052 | Nitsch       | Research           |
|  10053 | Zschoche     | Sales              |
|  10054 | Schueller    | Human Resources    |
|  10055 | Dredge       | Marketing          |
|  10056 | Bernini      | Development        |
|  10057 | Callaway     | Development        |
|  10058 | McFarlin     | Marketing          |
|  10059 | McAlpine     | Finance            |
|  10060 | Billingsley  | Customer Service   |
|  10060 | Billingsley  | Sales              |
|  10061 | Herber       | Sales              |
|  10062 | Peyn         | Development        |
|  10063 | Leonhardt    | Production         |
|  10064 | Jansch       | Research           |
|  10065 | Awdeh        | Development        |
|  10066 | Schusler     | Development        |
|  10067 | Stavenow     | Quality Management |
|  10068 | Brattka      | Sales              |
|  10069 | Bierman      | Production         |
|  10070 | Garigliano   | Development        |
|  10070 | Garigliano   | Research           |
|  10071 | Lipner       | Human Resources    |
|  10072 | Sidou        | Development        |
|  10073 | McClurg      | Quality Management |
|  10074 | Bernatsky    | Development        |
|  10075 | Dolinsky     | Development        |
|  10076 | Ritzmann     | Development        |
|  10077 | Azuma        | Human Resources    |
|  10078 | Mondadori    | Development        |
|  10079 | Gils         | Development        |
|  10080 | Baek         | Finance            |
|  10080 | Baek         | Human Resources    |
|  10081 | Rosen        | Production         |
|  10082 | Lortz        | Research           |
|  10083 | Zockler      | Production         |
|  10084 | Kalloufi     | Production         |
|  10085 | Malabarba    | Production         |
|  10086 | Foote        | Human Resources    |
|  10087 | Eugenio      | Sales              |
|  10088 | Syrzycki     | Customer Service   |
|  10088 | Syrzycki     | Sales              |
|  10089 | Flasterstein | Sales              |
|  10090 | Hofting      | Development        |
|  10091 | Gomatam      | Development        |
|  10092 | Niizuma      | Development        |
|  10093 | Desikan      | Sales              |
|  10094 | Ossenbruggen | Research           |
|  10095 | Morton       | Sales              |
|  10096 | Mandell      | Production         |
|  10097 | Waschkowski  | Research           |
|  10098 | Servieres    | Customer Service   |
|  10098 | Servieres    | Production         |
|  10099 | Sullins      | Sales              |
| 110000 | Herath       | Development        |
| 110022 | Markovitch   | Marketing          |
| 110039 | Minakawa     | Marketing          |
| 110085 | Alpin        | Finance            |
| 110114 | Legleitner   | Finance            |
| 110183 | Ossenbruggen | Human Resources    |
| 110228 | Sigstam      | Human Resources    |
| 110303 | Wegerle      | Production         |
| 110344 | Cools        | Production         |
| 110386 | Kieras       | Production         |
| 110420 | Ghazalie     | Production         |
| 110511 | Hagimont     | Development        |
| 110567 | DasSarma     | Development        |
| 110725 | Onuegbe      | Quality Management |
| 110765 | Hofmeyr      | Quality Management |
| 110800 | Quadeer      | Quality Management |
| 110854 | Pesch        | Quality Management |
| 111035 | Kaelbling    | Sales              |
| 111133 | Zhang        | Sales              |
| 111400 | Staelin      | Research           |
| 111534 | Kambil       | Research           |
| 111692 | Butterworth  | Customer Service   |
| 111784 | Giarratana   | Customer Service   |
| 111877 | Spinelli     | Customer Service   |
| 111939 | Weedman      | Customer Service   |
+--------+--------------+--------------------+
134 rows in set (0.001 sec)

MariaDB [fisher25]> SELECT 
    -> e.emp_no, last_name, dept_name 
    -> FROM
    -> employees e, departments d, current_dept_emp cde
    -> WHERE
    -> e.emp_no = cde.emp_no AND cde.dept_no = d.dept_no;
+--------+--------------+--------------------+
| emp_no | last_name    | dept_name          |
+--------+--------------+--------------------+
|  10011 | Sluis        | Customer Service   |
|  10038 | Lortz        | Customer Service   |
|  10049 | Tramer       | Customer Service   |
|  10060 | Billingsley  | Customer Service   |
|  10088 | Syrzycki     | Customer Service   |
|  10098 | Servieres    | Customer Service   |
| 111692 | Butterworth  | Customer Service   |
| 111784 | Giarratana   | Customer Service   |
| 111877 | Spinelli     | Customer Service   |
| 111939 | Weedman      | Customer Service   |
|  10001 | Facello      | Development        |
|  10006 | Preusig      | Development        |
|  10008 | Kalloufi     | Development        |
|  10012 | Bridgland    | Development        |
|  10014 | Genin        | Development        |
|  10021 | Erde         | Development        |
|  10022 | Famili       | Development        |
|  10023 | Montemayor   | Development        |
|  10025 | Heyers       | Development        |
|  10027 | Reistad      | Development        |
|  10028 | Tempesti     | Development        |
|  10031 | Joslin       | Development        |
|  10037 | Makrucki     | Development        |
|  10043 | Tzvieli      | Development        |
|  10048 | Syrotiuk     | Development        |
|  10056 | Bernini      | Development        |
|  10057 | Callaway     | Development        |
|  10062 | Peyn         | Development        |
|  10065 | Awdeh        | Development        |
|  10066 | Schusler     | Development        |
|  10072 | Sidou        | Development        |
|  10074 | Bernatsky    | Development        |
|  10075 | Dolinsky     | Development        |
|  10076 | Ritzmann     | Development        |
|  10078 | Mondadori    | Development        |
|  10079 | Gils         | Development        |
|  10090 | Hofting      | Development        |
|  10091 | Gomatam      | Development        |
|  10092 | Niizuma      | Development        |
| 110000 | Herath       | Development        |
| 110511 | Hagimont     | Development        |
| 110567 | DasSarma     | Development        |
|  10042 | Stamatiou    | Finance            |
|  10059 | McAlpine     | Finance            |
| 110085 | Alpin        | Finance            |
| 110114 | Legleitner   | Finance            |
|  10005 | Maliniak     | Human Resources    |
|  10013 | Terkki       | Human Resources    |
|  10036 | Portugali    | Human Resources    |
|  10039 | Brender      | Human Resources    |
|  10054 | Schueller    | Human Resources    |
|  10071 | Lipner       | Human Resources    |
|  10077 | Azuma        | Human Resources    |
|  10080 | Baek         | Human Resources    |
|  10086 | Foote        | Human Resources    |
| 110183 | Ossenbruggen | Human Resources    |
| 110228 | Sigstam      | Human Resources    |
|  10017 | Bouloucos    | Marketing          |
|  10055 | Dredge       | Marketing          |
|  10058 | McFarlin     | Marketing          |
| 110022 | Markovitch   | Marketing          |
| 110039 | Minakawa     | Marketing          |
|  10003 | Bamford      | Production         |
|  10004 | Koblick      | Production         |
|  10018 | Peha         | Production         |
|  10020 | Warwick      | Production         |
|  10024 | Pettey       | Production         |
|  10026 | Berztiss     | Production         |
|  10030 | Demeyer      | Production         |
|  10032 | Reistad      | Production         |
|  10035 | Chappelet    | Production         |
|  10044 | Casley       | Production         |
|  10045 | Shanbhogue   | Production         |
|  10047 | Nyanchama    | Production         |
|  10051 | Caine        | Production         |
|  10063 | Leonhardt    | Production         |
|  10069 | Bierman      | Production         |
|  10081 | Rosen        | Production         |
|  10083 | Zockler      | Production         |
|  10084 | Kalloufi     | Production         |
|  10085 | Malabarba    | Production         |
|  10096 | Mandell      | Production         |
| 110303 | Wegerle      | Production         |
| 110344 | Cools        | Production         |
| 110386 | Kieras       | Production         |
| 110420 | Ghazalie     | Production         |
|  10009 | Peac         | Quality Management |
|  10010 | Piveteau     | Quality Management |
|  10029 | Herbst       | Quality Management |
|  10033 | Merlo        | Quality Management |
|  10067 | Stavenow     | Quality Management |
|  10073 | McClurg      | Quality Management |
| 110725 | Onuegbe      | Quality Management |
| 110765 | Hofmeyr      | Quality Management |
| 110800 | Quadeer      | Quality Management |
| 110854 | Pesch        | Quality Management |
|  10007 | Zielinski    | Research           |
|  10015 | Nooteboom    | Research           |
|  10019 | Haddadi      | Research           |
|  10040 | Meriste      | Research           |
|  10046 | Rosenbaum    | Research           |
|  10052 | Nitsch       | Research           |
|  10064 | Jansch       | Research           |
|  10070 | Garigliano   | Research           |
|  10082 | Lortz        | Research           |
|  10094 | Ossenbruggen | Research           |
|  10097 | Waschkowski  | Research           |
| 111400 | Staelin      | Research           |
| 111534 | Kambil       | Research           |
|  10002 | Simmel       | Sales              |
|  10016 | Cappelletti  | Sales              |
|  10034 | Swan         | Sales              |
|  10041 | Lenart       | Sales              |
|  10050 | Dredge       | Sales              |
|  10053 | Zschoche     | Sales              |
|  10061 | Herber       | Sales              |
|  10068 | Brattka      | Sales              |
|  10087 | Eugenio      | Sales              |
|  10089 | Flasterstein | Sales              |
|  10093 | Desikan      | Sales              |
|  10095 | Morton       | Sales              |
|  10099 | Sullins      | Sales              |
| 111035 | Kaelbling    | Sales              |
| 111133 | Zhang        | Sales              |
+--------+--------------+--------------------+
124 rows in set (0.004 sec)

MariaDB [fisher25]> SELECT 
    -> e.emp_no, last_name, dept_name 
    -> FROM
    -> employees e, departments d, current_dept_emp cde
    -> WHERE
    -> e.emp_no = cde.emp_no AND cde.dept_no = d.dept_no
    -> ORDER BY
    -> e.emp_no;
+--------+--------------+--------------------+
| emp_no | last_name    | dept_name          |
+--------+--------------+--------------------+
|  10001 | Facello      | Development        |
|  10002 | Simmel       | Sales              |
|  10003 | Bamford      | Production         |
|  10004 | Koblick      | Production         |
|  10005 | Maliniak     | Human Resources    |
|  10006 | Preusig      | Development        |
|  10007 | Zielinski    | Research           |
|  10008 | Kalloufi     | Development        |
|  10009 | Peac         | Quality Management |
|  10010 | Piveteau     | Quality Management |
|  10011 | Sluis        | Customer Service   |
|  10012 | Bridgland    | Development        |
|  10013 | Terkki       | Human Resources    |
|  10014 | Genin        | Development        |
|  10015 | Nooteboom    | Research           |
|  10016 | Cappelletti  | Sales              |
|  10017 | Bouloucos    | Marketing          |
|  10018 | Peha         | Production         |
|  10019 | Haddadi      | Research           |
|  10020 | Warwick      | Production         |
|  10021 | Erde         | Development        |
|  10022 | Famili       | Development        |
|  10023 | Montemayor   | Development        |
|  10024 | Pettey       | Production         |
|  10025 | Heyers       | Development        |
|  10026 | Berztiss     | Production         |
|  10027 | Reistad      | Development        |
|  10028 | Tempesti     | Development        |
|  10029 | Herbst       | Quality Management |
|  10030 | Demeyer      | Production         |
|  10031 | Joslin       | Development        |
|  10032 | Reistad      | Production         |
|  10033 | Merlo        | Quality Management |
|  10034 | Swan         | Sales              |
|  10035 | Chappelet    | Production         |
|  10036 | Portugali    | Human Resources    |
|  10037 | Makrucki     | Development        |
|  10038 | Lortz        | Customer Service   |
|  10039 | Brender      | Human Resources    |
|  10040 | Meriste      | Research           |
|  10041 | Lenart       | Sales              |
|  10042 | Stamatiou    | Finance            |
|  10043 | Tzvieli      | Development        |
|  10044 | Casley       | Production         |
|  10045 | Shanbhogue   | Production         |
|  10046 | Rosenbaum    | Research           |
|  10047 | Nyanchama    | Production         |
|  10048 | Syrotiuk     | Development        |
|  10049 | Tramer       | Customer Service   |
|  10050 | Dredge       | Sales              |
|  10051 | Caine        | Production         |
|  10052 | Nitsch       | Research           |
|  10053 | Zschoche     | Sales              |
|  10054 | Schueller    | Human Resources    |
|  10055 | Dredge       | Marketing          |
|  10056 | Bernini      | Development        |
|  10057 | Callaway     | Development        |
|  10058 | McFarlin     | Marketing          |
|  10059 | McAlpine     | Finance            |
|  10060 | Billingsley  | Customer Service   |
|  10061 | Herber       | Sales              |
|  10062 | Peyn         | Development        |
|  10063 | Leonhardt    | Production         |
|  10064 | Jansch       | Research           |
|  10065 | Awdeh        | Development        |
|  10066 | Schusler     | Development        |
|  10067 | Stavenow     | Quality Management |
|  10068 | Brattka      | Sales              |
|  10069 | Bierman      | Production         |
|  10070 | Garigliano   | Research           |
|  10071 | Lipner       | Human Resources    |
|  10072 | Sidou        | Development        |
|  10073 | McClurg      | Quality Management |
|  10074 | Bernatsky    | Development        |
|  10075 | Dolinsky     | Development        |
|  10076 | Ritzmann     | Development        |
|  10077 | Azuma        | Human Resources    |
|  10078 | Mondadori    | Development        |
|  10079 | Gils         | Development        |
|  10080 | Baek         | Human Resources    |
|  10081 | Rosen        | Production         |
|  10082 | Lortz        | Research           |
|  10083 | Zockler      | Production         |
|  10084 | Kalloufi     | Production         |
|  10085 | Malabarba    | Production         |
|  10086 | Foote        | Human Resources    |
|  10087 | Eugenio      | Sales              |
|  10088 | Syrzycki     | Customer Service   |
|  10089 | Flasterstein | Sales              |
|  10090 | Hofting      | Development        |
|  10091 | Gomatam      | Development        |
|  10092 | Niizuma      | Development        |
|  10093 | Desikan      | Sales              |
|  10094 | Ossenbruggen | Research           |
|  10095 | Morton       | Sales              |
|  10096 | Mandell      | Production         |
|  10097 | Waschkowski  | Research           |
|  10098 | Servieres    | Customer Service   |
|  10099 | Sullins      | Sales              |
| 110000 | Herath       | Development        |
| 110022 | Markovitch   | Marketing          |
| 110039 | Minakawa     | Marketing          |
| 110085 | Alpin        | Finance            |
| 110114 | Legleitner   | Finance            |
| 110183 | Ossenbruggen | Human Resources    |
| 110228 | Sigstam      | Human Resources    |
| 110303 | Wegerle      | Production         |
| 110344 | Cools        | Production         |
| 110386 | Kieras       | Production         |
| 110420 | Ghazalie     | Production         |
| 110511 | Hagimont     | Development        |
| 110567 | DasSarma     | Development        |
| 110725 | Onuegbe      | Quality Management |
| 110765 | Hofmeyr      | Quality Management |
| 110800 | Quadeer      | Quality Management |
| 110854 | Pesch        | Quality Management |
| 111035 | Kaelbling    | Sales              |
| 111133 | Zhang        | Sales              |
| 111400 | Staelin      | Research           |
| 111534 | Kambil       | Research           |
| 111692 | Butterworth  | Customer Service   |
| 111784 | Giarratana   | Customer Service   |
| 111877 | Spinelli     | Customer Service   |
| 111939 | Weedman      | Customer Service   |
+--------+--------------+--------------------+
124 rows in set (0.004 sec)

MariaDB [fisher25]> show tables;
+----------------------+
| Tables_in_fisher25   |
+----------------------+
| colors               |
| current_dept_emp     |
| departments          |
| dept_emp             |
| dept_emp_latest_date |
| dept_manager         |
| employees            |
| fisher25_classes     |
| fisher25_enrollments |
| fisher25_students    |
| salaries             |
| students             |
| titles               |
| todos                |
+----------------------+
14 rows in set (0.001 sec)

MariaDB [fisher25]> select * from employees;
+--------+------------+-------------+--------------+--------+------------+
| emp_no | birth_date | first_name  | last_name    | gender | hire_date  |
+--------+------------+-------------+--------------+--------+------------+
|  10001 | 1953-09-02 | Georgi      | Facello      | M      | 1986-06-26 |
|  10002 | 1964-06-02 | Bezalel     | Simmel       | F      | 1985-11-21 |
|  10003 | 1959-12-03 | Parto       | Bamford      | M      | 1986-08-28 |
|  10004 | 1954-05-01 | Chirstian   | Koblick      | M      | 1986-12-01 |
|  10005 | 1955-01-21 | Kyoichi     | Maliniak     | M      | 1989-09-12 |
|  10006 | 1953-04-20 | Anneke      | Preusig      | F      | 1989-06-02 |
|  10007 | 1957-05-23 | Tzvetan     | Zielinski    | F      | 1989-02-10 |
|  10008 | 1958-02-19 | Saniya      | Kalloufi     | M      | 1994-09-15 |
|  10009 | 1952-04-19 | Sumant      | Peac         | F      | 1985-02-18 |
|  10010 | 1963-06-01 | Duangkaew   | Piveteau     | F      | 1989-08-24 |
|  10011 | 1953-11-07 | Mary        | Sluis        | F      | 1990-01-22 |
|  10012 | 1960-10-04 | Patricio    | Bridgland    | M      | 1992-12-18 |
|  10013 | 1963-06-07 | Eberhardt   | Terkki       | M      | 1985-10-20 |
|  10014 | 1956-02-12 | Berni       | Genin        | M      | 1987-03-11 |
|  10015 | 1959-08-19 | Guoxiang    | Nooteboom    | M      | 1987-07-02 |
|  10016 | 1961-05-02 | Kazuhito    | Cappelletti  | M      | 1995-01-27 |
|  10017 | 1958-07-06 | Cristinel   | Bouloucos    | F      | 1993-08-03 |
|  10018 | 1954-06-19 | Kazuhide    | Peha         | F      | 1987-04-03 |
|  10019 | 1953-01-23 | Lillian     | Haddadi      | M      | 1999-04-30 |
|  10020 | 1952-12-24 | Mayuko      | Warwick      | M      | 1991-01-26 |
|  10021 | 1960-02-20 | Ramzi       | Erde         | M      | 1988-02-10 |
|  10022 | 1952-07-08 | Shahaf      | Famili       | M      | 1995-08-22 |
|  10023 | 1953-09-29 | Bojan       | Montemayor   | F      | 1989-12-17 |
|  10024 | 1958-09-05 | Suzette     | Pettey       | F      | 1997-05-19 |
|  10025 | 1958-10-31 | Prasadram   | Heyers       | M      | 1987-08-17 |
|  10026 | 1953-04-03 | Yongqiao    | Berztiss     | M      | 1995-03-20 |
|  10027 | 1962-07-10 | Divier      | Reistad      | F      | 1989-07-07 |
|  10028 | 1963-11-26 | Domenick    | Tempesti     | M      | 1991-10-22 |
|  10029 | 1956-12-13 | Otmar       | Herbst       | M      | 1985-11-20 |
|  10030 | 1958-07-14 | Elvis       | Demeyer      | M      | 1994-02-17 |
|  10031 | 1959-01-27 | Karsten     | Joslin       | M      | 1991-09-01 |
|  10032 | 1960-08-09 | Jeong       | Reistad      | F      | 1990-06-20 |
|  10033 | 1956-11-14 | Arif        | Merlo        | M      | 1987-03-18 |
|  10034 | 1962-12-29 | Bader       | Swan         | M      | 1988-09-21 |
|  10035 | 1953-02-08 | Alain       | Chappelet    | M      | 1988-09-05 |
|  10036 | 1959-08-10 | Adamantios  | Portugali    | M      | 1992-01-03 |
|  10037 | 1963-07-22 | Pradeep     | Makrucki     | M      | 1990-12-05 |
|  10038 | 1960-07-20 | Huan        | Lortz        | M      | 1989-09-20 |
|  10039 | 1959-10-01 | Alejandro   | Brender      | M      | 1988-01-19 |
|  10040 | 1959-09-13 | Weiyi       | Meriste      | F      | 1993-02-14 |
|  10041 | 1959-08-27 | Uri         | Lenart       | F      | 1989-11-12 |
|  10042 | 1956-02-26 | Magy        | Stamatiou    | F      | 1993-03-21 |
|  10043 | 1960-09-19 | Yishay      | Tzvieli      | M      | 1990-10-20 |
|  10044 | 1961-09-21 | Mingsen     | Casley       | F      | 1994-05-21 |
|  10045 | 1957-08-14 | Moss        | Shanbhogue   | M      | 1989-09-02 |
|  10046 | 1960-07-23 | Lucien      | Rosenbaum    | M      | 1992-06-20 |
|  10047 | 1952-06-29 | Zvonko      | Nyanchama    | M      | 1989-03-31 |
|  10048 | 1963-07-11 | Florian     | Syrotiuk     | M      | 1985-02-24 |
|  10049 | 1961-04-24 | Basil       | Tramer       | F      | 1992-05-04 |
|  10050 | 1958-05-21 | Yinghua     | Dredge       | M      | 1990-12-25 |
|  10051 | 1953-07-28 | Hidefumi    | Caine        | M      | 1992-10-15 |
|  10052 | 1961-02-26 | Heping      | Nitsch       | M      | 1988-05-21 |
|  10053 | 1954-09-13 | Sanjiv      | Zschoche     | F      | 1986-02-04 |
|  10054 | 1957-04-04 | Mayumi      | Schueller    | M      | 1995-03-13 |
|  10055 | 1956-06-06 | Georgy      | Dredge       | M      | 1992-04-27 |
|  10056 | 1961-09-01 | Brendon     | Bernini      | F      | 1990-02-01 |
|  10057 | 1954-05-30 | Ebbe        | Callaway     | F      | 1992-01-15 |
|  10058 | 1954-10-01 | Berhard     | McFarlin     | M      | 1987-04-13 |
|  10059 | 1953-09-19 | Alejandro   | McAlpine     | F      | 1991-06-26 |
|  10060 | 1961-10-15 | Breannda    | Billingsley  | M      | 1987-11-02 |
|  10061 | 1962-10-19 | Tse         | Herber       | M      | 1985-09-17 |
|  10062 | 1961-11-02 | Anoosh      | Peyn         | M      | 1991-08-30 |
|  10063 | 1952-08-06 | Gino        | Leonhardt    | F      | 1989-04-08 |
|  10064 | 1959-04-07 | Udi         | Jansch       | M      | 1985-11-20 |
|  10065 | 1963-04-14 | Satosi      | Awdeh        | M      | 1988-05-18 |
|  10066 | 1952-11-13 | Kwee        | Schusler     | M      | 1986-02-26 |
|  10067 | 1953-01-07 | Claudi      | Stavenow     | M      | 1987-03-04 |
|  10068 | 1962-11-26 | Charlene    | Brattka      | M      | 1987-08-07 |
|  10069 | 1960-09-06 | Margareta   | Bierman      | F      | 1989-11-05 |
|  10070 | 1955-08-20 | Reuven      | Garigliano   | M      | 1985-10-14 |
|  10071 | 1958-01-21 | Hisao       | Lipner       | M      | 1987-10-01 |
|  10072 | 1952-05-15 | Hironoby    | Sidou        | F      | 1988-07-21 |
|  10073 | 1954-02-23 | Shir        | McClurg      | M      | 1991-12-01 |
|  10074 | 1955-08-28 | Mokhtar     | Bernatsky    | F      | 1990-08-13 |
|  10075 | 1960-03-09 | Gao         | Dolinsky     | F      | 1987-03-19 |
|  10076 | 1952-06-13 | Erez        | Ritzmann     | F      | 1985-07-09 |
|  10077 | 1964-04-18 | Mona        | Azuma        | M      | 1990-03-02 |
|  10078 | 1959-12-25 | Danel       | Mondadori    | F      | 1987-05-26 |
|  10079 | 1961-10-05 | Kshitij     | Gils         | F      | 1986-03-27 |
|  10080 | 1957-12-03 | Premal      | Baek         | M      | 1985-11-19 |
|  10081 | 1960-12-17 | Zhongwei    | Rosen        | M      | 1986-10-30 |
|  10082 | 1963-09-09 | Parviz      | Lortz        | M      | 1990-01-03 |
|  10083 | 1959-07-23 | Vishv       | Zockler      | M      | 1987-03-31 |
|  10084 | 1960-05-25 | Tuval       | Kalloufi     | M      | 1995-12-15 |
|  10085 | 1962-11-07 | Kenroku     | Malabarba    | M      | 1994-04-09 |
|  10086 | 1962-11-19 | Somnath     | Foote        | M      | 1990-02-16 |
|  10087 | 1959-07-23 | Xinglin     | Eugenio      | F      | 1986-09-08 |
|  10088 | 1954-02-25 | Jungsoon    | Syrzycki     | F      | 1988-09-02 |
|  10089 | 1963-03-21 | Sudharsan   | Flasterstein | F      | 1986-08-12 |
|  10090 | 1961-05-30 | Kendra      | Hofting      | M      | 1986-03-14 |
|  10091 | 1955-10-04 | Amabile     | Gomatam      | M      | 1992-11-18 |
|  10092 | 1964-10-18 | Valdiodio   | Niizuma      | F      | 1989-09-22 |
|  10093 | 1964-06-11 | Sailaja     | Desikan      | M      | 1996-11-05 |
|  10094 | 1957-05-25 | Arumugam    | Ossenbruggen | F      | 1987-04-18 |
|  10095 | 1965-01-03 | Hilari      | Morton       | M      | 1986-07-15 |
|  10096 | 1954-09-16 | Jayson      | Mandell      | M      | 1990-01-14 |
|  10097 | 1952-02-27 | Remzi       | Waschkowski  | M      | 1990-09-15 |
|  10098 | 1961-09-23 | Sreekrishna | Servieres    | F      | 1985-05-13 |
|  10099 | 1956-05-25 | Valter      | Sullins      | F      | 1988-10-18 |
| 110000 | 1956-07-28 | Supot       | Herath       | M      | 1987-07-07 |
| 110022 | 1956-09-12 | Margareta   | Markovitch   | M      | 1985-01-01 |
| 110039 | 1963-06-21 | Vishwani    | Minakawa     | M      | 1986-04-12 |
| 110085 | 1959-10-28 | Ebru        | Alpin        | M      | 1985-01-01 |
| 110114 | 1957-03-28 | Isamu       | Legleitner   | F      | 1985-01-14 |
| 110183 | 1953-06-24 | Shirish     | Ossenbruggen | F      | 1985-01-01 |
| 110228 | 1958-12-02 | Karsten     | Sigstam      | F      | 1985-08-04 |
| 110303 | 1956-06-08 | Krassimir   | Wegerle      | F      | 1985-01-01 |
| 110344 | 1961-09-07 | Rosine      | Cools        | F      | 1985-11-22 |
| 110386 | 1953-10-04 | Shem        | Kieras       | M      | 1988-10-14 |
| 110420 | 1963-07-27 | Oscar       | Ghazalie     | M      | 1992-02-05 |
| 110511 | 1957-07-08 | DeForest    | Hagimont     | M      | 1985-01-01 |
| 110567 | 1964-04-25 | Leon        | DasSarma     | F      | 1986-10-21 |
| 110725 | 1961-03-14 | Peternela   | Onuegbe      | F      | 1985-01-01 |
| 110765 | 1954-05-22 | Rutger      | Hofmeyr      | F      | 1989-01-07 |
| 110800 | 1963-02-07 | Sanjoy      | Quadeer      | F      | 1986-08-12 |
| 110854 | 1960-08-19 | Dung        | Pesch        | M      | 1989-06-09 |
| 111035 | 1962-02-24 | Przemyslawa | Kaelbling    | M      | 1985-01-01 |
| 111133 | 1955-03-16 | Hauke       | Zhang        | M      | 1986-12-30 |
| 111400 | 1959-11-09 | Arie        | Staelin      | M      | 1985-01-01 |
| 111534 | 1952-06-27 | Hilary      | Kambil       | F      | 1988-01-31 |
| 111692 | 1954-10-05 | Tonny       | Butterworth  | F      | 1985-01-01 |
| 111784 | 1956-06-14 | Marjo       | Giarratana   | F      | 1988-02-12 |
| 111877 | 1962-10-18 | Xiaobin     | Spinelli     | F      | 1991-08-17 |
| 111939 | 1960-03-25 | Yuchang     | Weedman      | M      | 1989-07-10 |
+--------+------------+-------------+--------------+--------+------------+
124 rows in set (0.001 sec)

MariaDB [fisher25]> show tables;
+----------------------+
| Tables_in_fisher25   |
+----------------------+
| colors               |
| current_dept_emp     |
| departments          |
| dept_emp             |
| dept_emp_latest_date |
| dept_manager         |
| employees            |
| fisher25_classes     |
| fisher25_enrollments |
| fisher25_students    |
| salaries             |
| students             |
| titles               |
| todos                |
+----------------------+
14 rows in set (0.001 sec)

MariaDB [fisher25]> select * from employees where gender = "M";
+--------+------------+-------------+-------------+--------+------------+
| emp_no | birth_date | first_name  | last_name   | gender | hire_date  |
+--------+------------+-------------+-------------+--------+------------+
|  10001 | 1953-09-02 | Georgi      | Facello     | M      | 1986-06-26 |
|  10003 | 1959-12-03 | Parto       | Bamford     | M      | 1986-08-28 |
|  10004 | 1954-05-01 | Chirstian   | Koblick     | M      | 1986-12-01 |
|  10005 | 1955-01-21 | Kyoichi     | Maliniak    | M      | 1989-09-12 |
|  10008 | 1958-02-19 | Saniya      | Kalloufi    | M      | 1994-09-15 |
|  10012 | 1960-10-04 | Patricio    | Bridgland   | M      | 1992-12-18 |
|  10013 | 1963-06-07 | Eberhardt   | Terkki      | M      | 1985-10-20 |
|  10014 | 1956-02-12 | Berni       | Genin       | M      | 1987-03-11 |
|  10015 | 1959-08-19 | Guoxiang    | Nooteboom   | M      | 1987-07-02 |
|  10016 | 1961-05-02 | Kazuhito    | Cappelletti | M      | 1995-01-27 |
|  10019 | 1953-01-23 | Lillian     | Haddadi     | M      | 1999-04-30 |
|  10020 | 1952-12-24 | Mayuko      | Warwick     | M      | 1991-01-26 |
|  10021 | 1960-02-20 | Ramzi       | Erde        | M      | 1988-02-10 |
|  10022 | 1952-07-08 | Shahaf      | Famili      | M      | 1995-08-22 |
|  10025 | 1958-10-31 | Prasadram   | Heyers      | M      | 1987-08-17 |
|  10026 | 1953-04-03 | Yongqiao    | Berztiss    | M      | 1995-03-20 |
|  10028 | 1963-11-26 | Domenick    | Tempesti    | M      | 1991-10-22 |
|  10029 | 1956-12-13 | Otmar       | Herbst      | M      | 1985-11-20 |
|  10030 | 1958-07-14 | Elvis       | Demeyer     | M      | 1994-02-17 |
|  10031 | 1959-01-27 | Karsten     | Joslin      | M      | 1991-09-01 |
|  10033 | 1956-11-14 | Arif        | Merlo       | M      | 1987-03-18 |
|  10034 | 1962-12-29 | Bader       | Swan        | M      | 1988-09-21 |
|  10035 | 1953-02-08 | Alain       | Chappelet   | M      | 1988-09-05 |
|  10036 | 1959-08-10 | Adamantios  | Portugali   | M      | 1992-01-03 |
|  10037 | 1963-07-22 | Pradeep     | Makrucki    | M      | 1990-12-05 |
|  10038 | 1960-07-20 | Huan        | Lortz       | M      | 1989-09-20 |
|  10039 | 1959-10-01 | Alejandro   | Brender     | M      | 1988-01-19 |
|  10043 | 1960-09-19 | Yishay      | Tzvieli     | M      | 1990-10-20 |
|  10045 | 1957-08-14 | Moss        | Shanbhogue  | M      | 1989-09-02 |
|  10046 | 1960-07-23 | Lucien      | Rosenbaum   | M      | 1992-06-20 |
|  10047 | 1952-06-29 | Zvonko      | Nyanchama   | M      | 1989-03-31 |
|  10048 | 1963-07-11 | Florian     | Syrotiuk    | M      | 1985-02-24 |
|  10050 | 1958-05-21 | Yinghua     | Dredge      | M      | 1990-12-25 |
|  10051 | 1953-07-28 | Hidefumi    | Caine       | M      | 1992-10-15 |
|  10052 | 1961-02-26 | Heping      | Nitsch      | M      | 1988-05-21 |
|  10054 | 1957-04-04 | Mayumi      | Schueller   | M      | 1995-03-13 |
|  10055 | 1956-06-06 | Georgy      | Dredge      | M      | 1992-04-27 |
|  10058 | 1954-10-01 | Berhard     | McFarlin    | M      | 1987-04-13 |
|  10060 | 1961-10-15 | Breannda    | Billingsley | M      | 1987-11-02 |
|  10061 | 1962-10-19 | Tse         | Herber      | M      | 1985-09-17 |
|  10062 | 1961-11-02 | Anoosh      | Peyn        | M      | 1991-08-30 |
|  10064 | 1959-04-07 | Udi         | Jansch      | M      | 1985-11-20 |
|  10065 | 1963-04-14 | Satosi      | Awdeh       | M      | 1988-05-18 |
|  10066 | 1952-11-13 | Kwee        | Schusler    | M      | 1986-02-26 |
|  10067 | 1953-01-07 | Claudi      | Stavenow    | M      | 1987-03-04 |
|  10068 | 1962-11-26 | Charlene    | Brattka     | M      | 1987-08-07 |
|  10070 | 1955-08-20 | Reuven      | Garigliano  | M      | 1985-10-14 |
|  10071 | 1958-01-21 | Hisao       | Lipner      | M      | 1987-10-01 |
|  10073 | 1954-02-23 | Shir        | McClurg     | M      | 1991-12-01 |
|  10077 | 1964-04-18 | Mona        | Azuma       | M      | 1990-03-02 |
|  10080 | 1957-12-03 | Premal      | Baek        | M      | 1985-11-19 |
|  10081 | 1960-12-17 | Zhongwei    | Rosen       | M      | 1986-10-30 |
|  10082 | 1963-09-09 | Parviz      | Lortz       | M      | 1990-01-03 |
|  10083 | 1959-07-23 | Vishv       | Zockler     | M      | 1987-03-31 |
|  10084 | 1960-05-25 | Tuval       | Kalloufi    | M      | 1995-12-15 |
|  10085 | 1962-11-07 | Kenroku     | Malabarba   | M      | 1994-04-09 |
|  10086 | 1962-11-19 | Somnath     | Foote       | M      | 1990-02-16 |
|  10090 | 1961-05-30 | Kendra      | Hofting     | M      | 1986-03-14 |
|  10091 | 1955-10-04 | Amabile     | Gomatam     | M      | 1992-11-18 |
|  10093 | 1964-06-11 | Sailaja     | Desikan     | M      | 1996-11-05 |
|  10095 | 1965-01-03 | Hilari      | Morton      | M      | 1986-07-15 |
|  10096 | 1954-09-16 | Jayson      | Mandell     | M      | 1990-01-14 |
|  10097 | 1952-02-27 | Remzi       | Waschkowski | M      | 1990-09-15 |
| 110000 | 1956-07-28 | Supot       | Herath      | M      | 1987-07-07 |
| 110022 | 1956-09-12 | Margareta   | Markovitch  | M      | 1985-01-01 |
| 110039 | 1963-06-21 | Vishwani    | Minakawa    | M      | 1986-04-12 |
| 110085 | 1959-10-28 | Ebru        | Alpin       | M      | 1985-01-01 |
| 110386 | 1953-10-04 | Shem        | Kieras      | M      | 1988-10-14 |
| 110420 | 1963-07-27 | Oscar       | Ghazalie    | M      | 1992-02-05 |
| 110511 | 1957-07-08 | DeForest    | Hagimont    | M      | 1985-01-01 |
| 110854 | 1960-08-19 | Dung        | Pesch       | M      | 1989-06-09 |
| 111035 | 1962-02-24 | Przemyslawa | Kaelbling   | M      | 1985-01-01 |
| 111133 | 1955-03-16 | Hauke       | Zhang       | M      | 1986-12-30 |
| 111400 | 1959-11-09 | Arie        | Staelin     | M      | 1985-01-01 |
| 111939 | 1960-03-25 | Yuchang     | Weedman     | M      | 1989-07-10 |
+--------+------------+-------------+-------------+--------+------------+
75 rows in set (0.001 sec)

MariaDB [fisher25]> select * from employees where gender = "F";
+--------+------------+-------------+--------------+--------+------------+
| emp_no | birth_date | first_name  | last_name    | gender | hire_date  |
+--------+------------+-------------+--------------+--------+------------+
|  10002 | 1964-06-02 | Bezalel     | Simmel       | F      | 1985-11-21 |
|  10006 | 1953-04-20 | Anneke      | Preusig      | F      | 1989-06-02 |
|  10007 | 1957-05-23 | Tzvetan     | Zielinski    | F      | 1989-02-10 |
|  10009 | 1952-04-19 | Sumant      | Peac         | F      | 1985-02-18 |
|  10010 | 1963-06-01 | Duangkaew   | Piveteau     | F      | 1989-08-24 |
|  10011 | 1953-11-07 | Mary        | Sluis        | F      | 1990-01-22 |
|  10017 | 1958-07-06 | Cristinel   | Bouloucos    | F      | 1993-08-03 |
|  10018 | 1954-06-19 | Kazuhide    | Peha         | F      | 1987-04-03 |
|  10023 | 1953-09-29 | Bojan       | Montemayor   | F      | 1989-12-17 |
|  10024 | 1958-09-05 | Suzette     | Pettey       | F      | 1997-05-19 |
|  10027 | 1962-07-10 | Divier      | Reistad      | F      | 1989-07-07 |
|  10032 | 1960-08-09 | Jeong       | Reistad      | F      | 1990-06-20 |
|  10040 | 1959-09-13 | Weiyi       | Meriste      | F      | 1993-02-14 |
|  10041 | 1959-08-27 | Uri         | Lenart       | F      | 1989-11-12 |
|  10042 | 1956-02-26 | Magy        | Stamatiou    | F      | 1993-03-21 |
|  10044 | 1961-09-21 | Mingsen     | Casley       | F      | 1994-05-21 |
|  10049 | 1961-04-24 | Basil       | Tramer       | F      | 1992-05-04 |
|  10053 | 1954-09-13 | Sanjiv      | Zschoche     | F      | 1986-02-04 |
|  10056 | 1961-09-01 | Brendon     | Bernini      | F      | 1990-02-01 |
|  10057 | 1954-05-30 | Ebbe        | Callaway     | F      | 1992-01-15 |
|  10059 | 1953-09-19 | Alejandro   | McAlpine     | F      | 1991-06-26 |
|  10063 | 1952-08-06 | Gino        | Leonhardt    | F      | 1989-04-08 |
|  10069 | 1960-09-06 | Margareta   | Bierman      | F      | 1989-11-05 |
|  10072 | 1952-05-15 | Hironoby    | Sidou        | F      | 1988-07-21 |
|  10074 | 1955-08-28 | Mokhtar     | Bernatsky    | F      | 1990-08-13 |
|  10075 | 1960-03-09 | Gao         | Dolinsky     | F      | 1987-03-19 |
|  10076 | 1952-06-13 | Erez        | Ritzmann     | F      | 1985-07-09 |
|  10078 | 1959-12-25 | Danel       | Mondadori    | F      | 1987-05-26 |
|  10079 | 1961-10-05 | Kshitij     | Gils         | F      | 1986-03-27 |
|  10087 | 1959-07-23 | Xinglin     | Eugenio      | F      | 1986-09-08 |
|  10088 | 1954-02-25 | Jungsoon    | Syrzycki     | F      | 1988-09-02 |
|  10089 | 1963-03-21 | Sudharsan   | Flasterstein | F      | 1986-08-12 |
|  10092 | 1964-10-18 | Valdiodio   | Niizuma      | F      | 1989-09-22 |
|  10094 | 1957-05-25 | Arumugam    | Ossenbruggen | F      | 1987-04-18 |
|  10098 | 1961-09-23 | Sreekrishna | Servieres    | F      | 1985-05-13 |
|  10099 | 1956-05-25 | Valter      | Sullins      | F      | 1988-10-18 |
| 110114 | 1957-03-28 | Isamu       | Legleitner   | F      | 1985-01-14 |
| 110183 | 1953-06-24 | Shirish     | Ossenbruggen | F      | 1985-01-01 |
| 110228 | 1958-12-02 | Karsten     | Sigstam      | F      | 1985-08-04 |
| 110303 | 1956-06-08 | Krassimir   | Wegerle      | F      | 1985-01-01 |
| 110344 | 1961-09-07 | Rosine      | Cools        | F      | 1985-11-22 |
| 110567 | 1964-04-25 | Leon        | DasSarma     | F      | 1986-10-21 |
| 110725 | 1961-03-14 | Peternela   | Onuegbe      | F      | 1985-01-01 |
| 110765 | 1954-05-22 | Rutger      | Hofmeyr      | F      | 1989-01-07 |
| 110800 | 1963-02-07 | Sanjoy      | Quadeer      | F      | 1986-08-12 |
| 111534 | 1952-06-27 | Hilary      | Kambil       | F      | 1988-01-31 |
| 111692 | 1954-10-05 | Tonny       | Butterworth  | F      | 1985-01-01 |
| 111784 | 1956-06-14 | Marjo       | Giarratana   | F      | 1988-02-12 |
| 111877 | 1962-10-18 | Xiaobin     | Spinelli     | F      | 1991-08-17 |
+--------+------------+-------------+--------------+--------+------------+
49 rows in set (0.001 sec)

MariaDB [fisher25]> describe employees;
+------------+---------------+------+-----+---------+-------+
| Field      | Type          | Null | Key | Default | Extra |
+------------+---------------+------+-----+---------+-------+
| emp_no     | int(11)       | NO   | PRI | NULL    |       |
| birth_date | date          | NO   |     | NULL    |       |
| first_name | varchar(14)   | NO   |     | NULL    |       |
| last_name  | varchar(16)   | NO   |     | NULL    |       |
| gender     | enum('M','F') | NO   |     | NULL    |       |
| hire_date  | date          | NO   |     | NULL    |       |
+------------+---------------+------+-----+---------+-------+
6 rows in set (0.002 sec)

MariaDB [fisher25]> select * from employees where hire_date > 1990;
+--------+------------+-------------+--------------+--------+------------+
| emp_no | birth_date | first_name  | last_name    | gender | hire_date  |
+--------+------------+-------------+--------------+--------+------------+
|  10001 | 1953-09-02 | Georgi      | Facello      | M      | 1986-06-26 |
|  10002 | 1964-06-02 | Bezalel     | Simmel       | F      | 1985-11-21 |
|  10003 | 1959-12-03 | Parto       | Bamford      | M      | 1986-08-28 |
|  10004 | 1954-05-01 | Chirstian   | Koblick      | M      | 1986-12-01 |
|  10005 | 1955-01-21 | Kyoichi     | Maliniak     | M      | 1989-09-12 |
|  10006 | 1953-04-20 | Anneke      | Preusig      | F      | 1989-06-02 |
|  10007 | 1957-05-23 | Tzvetan     | Zielinski    | F      | 1989-02-10 |
|  10008 | 1958-02-19 | Saniya      | Kalloufi     | M      | 1994-09-15 |
|  10009 | 1952-04-19 | Sumant      | Peac         | F      | 1985-02-18 |
|  10010 | 1963-06-01 | Duangkaew   | Piveteau     | F      | 1989-08-24 |
|  10011 | 1953-11-07 | Mary        | Sluis        | F      | 1990-01-22 |
|  10012 | 1960-10-04 | Patricio    | Bridgland    | M      | 1992-12-18 |
|  10013 | 1963-06-07 | Eberhardt   | Terkki       | M      | 1985-10-20 |
|  10014 | 1956-02-12 | Berni       | Genin        | M      | 1987-03-11 |
|  10015 | 1959-08-19 | Guoxiang    | Nooteboom    | M      | 1987-07-02 |
|  10016 | 1961-05-02 | Kazuhito    | Cappelletti  | M      | 1995-01-27 |
|  10017 | 1958-07-06 | Cristinel   | Bouloucos    | F      | 1993-08-03 |
|  10018 | 1954-06-19 | Kazuhide    | Peha         | F      | 1987-04-03 |
|  10019 | 1953-01-23 | Lillian     | Haddadi      | M      | 1999-04-30 |
|  10020 | 1952-12-24 | Mayuko      | Warwick      | M      | 1991-01-26 |
|  10021 | 1960-02-20 | Ramzi       | Erde         | M      | 1988-02-10 |
|  10022 | 1952-07-08 | Shahaf      | Famili       | M      | 1995-08-22 |
|  10023 | 1953-09-29 | Bojan       | Montemayor   | F      | 1989-12-17 |
|  10024 | 1958-09-05 | Suzette     | Pettey       | F      | 1997-05-19 |
|  10025 | 1958-10-31 | Prasadram   | Heyers       | M      | 1987-08-17 |
|  10026 | 1953-04-03 | Yongqiao    | Berztiss     | M      | 1995-03-20 |
|  10027 | 1962-07-10 | Divier      | Reistad      | F      | 1989-07-07 |
|  10028 | 1963-11-26 | Domenick    | Tempesti     | M      | 1991-10-22 |
|  10029 | 1956-12-13 | Otmar       | Herbst       | M      | 1985-11-20 |
|  10030 | 1958-07-14 | Elvis       | Demeyer      | M      | 1994-02-17 |
|  10031 | 1959-01-27 | Karsten     | Joslin       | M      | 1991-09-01 |
|  10032 | 1960-08-09 | Jeong       | Reistad      | F      | 1990-06-20 |
|  10033 | 1956-11-14 | Arif        | Merlo        | M      | 1987-03-18 |
|  10034 | 1962-12-29 | Bader       | Swan         | M      | 1988-09-21 |
|  10035 | 1953-02-08 | Alain       | Chappelet    | M      | 1988-09-05 |
|  10036 | 1959-08-10 | Adamantios  | Portugali    | M      | 1992-01-03 |
|  10037 | 1963-07-22 | Pradeep     | Makrucki     | M      | 1990-12-05 |
|  10038 | 1960-07-20 | Huan        | Lortz        | M      | 1989-09-20 |
|  10039 | 1959-10-01 | Alejandro   | Brender      | M      | 1988-01-19 |
|  10040 | 1959-09-13 | Weiyi       | Meriste      | F      | 1993-02-14 |
|  10041 | 1959-08-27 | Uri         | Lenart       | F      | 1989-11-12 |
|  10042 | 1956-02-26 | Magy        | Stamatiou    | F      | 1993-03-21 |
|  10043 | 1960-09-19 | Yishay      | Tzvieli      | M      | 1990-10-20 |
|  10044 | 1961-09-21 | Mingsen     | Casley       | F      | 1994-05-21 |
|  10045 | 1957-08-14 | Moss        | Shanbhogue   | M      | 1989-09-02 |
|  10046 | 1960-07-23 | Lucien      | Rosenbaum    | M      | 1992-06-20 |
|  10047 | 1952-06-29 | Zvonko      | Nyanchama    | M      | 1989-03-31 |
|  10048 | 1963-07-11 | Florian     | Syrotiuk     | M      | 1985-02-24 |
|  10049 | 1961-04-24 | Basil       | Tramer       | F      | 1992-05-04 |
|  10050 | 1958-05-21 | Yinghua     | Dredge       | M      | 1990-12-25 |
|  10051 | 1953-07-28 | Hidefumi    | Caine        | M      | 1992-10-15 |
|  10052 | 1961-02-26 | Heping      | Nitsch       | M      | 1988-05-21 |
|  10053 | 1954-09-13 | Sanjiv      | Zschoche     | F      | 1986-02-04 |
|  10054 | 1957-04-04 | Mayumi      | Schueller    | M      | 1995-03-13 |
|  10055 | 1956-06-06 | Georgy      | Dredge       | M      | 1992-04-27 |
|  10056 | 1961-09-01 | Brendon     | Bernini      | F      | 1990-02-01 |
|  10057 | 1954-05-30 | Ebbe        | Callaway     | F      | 1992-01-15 |
|  10058 | 1954-10-01 | Berhard     | McFarlin     | M      | 1987-04-13 |
|  10059 | 1953-09-19 | Alejandro   | McAlpine     | F      | 1991-06-26 |
|  10060 | 1961-10-15 | Breannda    | Billingsley  | M      | 1987-11-02 |
|  10061 | 1962-10-19 | Tse         | Herber       | M      | 1985-09-17 |
|  10062 | 1961-11-02 | Anoosh      | Peyn         | M      | 1991-08-30 |
|  10063 | 1952-08-06 | Gino        | Leonhardt    | F      | 1989-04-08 |
|  10064 | 1959-04-07 | Udi         | Jansch       | M      | 1985-11-20 |
|  10065 | 1963-04-14 | Satosi      | Awdeh        | M      | 1988-05-18 |
|  10066 | 1952-11-13 | Kwee        | Schusler     | M      | 1986-02-26 |
|  10067 | 1953-01-07 | Claudi      | Stavenow     | M      | 1987-03-04 |
|  10068 | 1962-11-26 | Charlene    | Brattka      | M      | 1987-08-07 |
|  10069 | 1960-09-06 | Margareta   | Bierman      | F      | 1989-11-05 |
|  10070 | 1955-08-20 | Reuven      | Garigliano   | M      | 1985-10-14 |
|  10071 | 1958-01-21 | Hisao       | Lipner       | M      | 1987-10-01 |
|  10072 | 1952-05-15 | Hironoby    | Sidou        | F      | 1988-07-21 |
|  10073 | 1954-02-23 | Shir        | McClurg      | M      | 1991-12-01 |
|  10074 | 1955-08-28 | Mokhtar     | Bernatsky    | F      | 1990-08-13 |
|  10075 | 1960-03-09 | Gao         | Dolinsky     | F      | 1987-03-19 |
|  10076 | 1952-06-13 | Erez        | Ritzmann     | F      | 1985-07-09 |
|  10077 | 1964-04-18 | Mona        | Azuma        | M      | 1990-03-02 |
|  10078 | 1959-12-25 | Danel       | Mondadori    | F      | 1987-05-26 |
|  10079 | 1961-10-05 | Kshitij     | Gils         | F      | 1986-03-27 |
|  10080 | 1957-12-03 | Premal      | Baek         | M      | 1985-11-19 |
|  10081 | 1960-12-17 | Zhongwei    | Rosen        | M      | 1986-10-30 |
|  10082 | 1963-09-09 | Parviz      | Lortz        | M      | 1990-01-03 |
|  10083 | 1959-07-23 | Vishv       | Zockler      | M      | 1987-03-31 |
|  10084 | 1960-05-25 | Tuval       | Kalloufi     | M      | 1995-12-15 |
|  10085 | 1962-11-07 | Kenroku     | Malabarba    | M      | 1994-04-09 |
|  10086 | 1962-11-19 | Somnath     | Foote        | M      | 1990-02-16 |
|  10087 | 1959-07-23 | Xinglin     | Eugenio      | F      | 1986-09-08 |
|  10088 | 1954-02-25 | Jungsoon    | Syrzycki     | F      | 1988-09-02 |
|  10089 | 1963-03-21 | Sudharsan   | Flasterstein | F      | 1986-08-12 |
|  10090 | 1961-05-30 | Kendra      | Hofting      | M      | 1986-03-14 |
|  10091 | 1955-10-04 | Amabile     | Gomatam      | M      | 1992-11-18 |
|  10092 | 1964-10-18 | Valdiodio   | Niizuma      | F      | 1989-09-22 |
|  10093 | 1964-06-11 | Sailaja     | Desikan      | M      | 1996-11-05 |
|  10094 | 1957-05-25 | Arumugam    | Ossenbruggen | F      | 1987-04-18 |
|  10095 | 1965-01-03 | Hilari      | Morton       | M      | 1986-07-15 |
|  10096 | 1954-09-16 | Jayson      | Mandell      | M      | 1990-01-14 |
|  10097 | 1952-02-27 | Remzi       | Waschkowski  | M      | 1990-09-15 |
|  10098 | 1961-09-23 | Sreekrishna | Servieres    | F      | 1985-05-13 |
|  10099 | 1956-05-25 | Valter      | Sullins      | F      | 1988-10-18 |
| 110000 | 1956-07-28 | Supot       | Herath       | M      | 1987-07-07 |
| 110022 | 1956-09-12 | Margareta   | Markovitch   | M      | 1985-01-01 |
| 110039 | 1963-06-21 | Vishwani    | Minakawa     | M      | 1986-04-12 |
| 110085 | 1959-10-28 | Ebru        | Alpin        | M      | 1985-01-01 |
| 110114 | 1957-03-28 | Isamu       | Legleitner   | F      | 1985-01-14 |
| 110183 | 1953-06-24 | Shirish     | Ossenbruggen | F      | 1985-01-01 |
| 110228 | 1958-12-02 | Karsten     | Sigstam      | F      | 1985-08-04 |
| 110303 | 1956-06-08 | Krassimir   | Wegerle      | F      | 1985-01-01 |
| 110344 | 1961-09-07 | Rosine      | Cools        | F      | 1985-11-22 |
| 110386 | 1953-10-04 | Shem        | Kieras       | M      | 1988-10-14 |
| 110420 | 1963-07-27 | Oscar       | Ghazalie     | M      | 1992-02-05 |
| 110511 | 1957-07-08 | DeForest    | Hagimont     | M      | 1985-01-01 |
| 110567 | 1964-04-25 | Leon        | DasSarma     | F      | 1986-10-21 |
| 110725 | 1961-03-14 | Peternela   | Onuegbe      | F      | 1985-01-01 |
| 110765 | 1954-05-22 | Rutger      | Hofmeyr      | F      | 1989-01-07 |
| 110800 | 1963-02-07 | Sanjoy      | Quadeer      | F      | 1986-08-12 |
| 110854 | 1960-08-19 | Dung        | Pesch        | M      | 1989-06-09 |
| 111035 | 1962-02-24 | Przemyslawa | Kaelbling    | M      | 1985-01-01 |
| 111133 | 1955-03-16 | Hauke       | Zhang        | M      | 1986-12-30 |
| 111400 | 1959-11-09 | Arie        | Staelin      | M      | 1985-01-01 |
| 111534 | 1952-06-27 | Hilary      | Kambil       | F      | 1988-01-31 |
| 111692 | 1954-10-05 | Tonny       | Butterworth  | F      | 1985-01-01 |
| 111784 | 1956-06-14 | Marjo       | Giarratana   | F      | 1988-02-12 |
| 111877 | 1962-10-18 | Xiaobin     | Spinelli     | F      | 1991-08-17 |
| 111939 | 1960-03-25 | Yuchang     | Weedman      | M      | 1989-07-10 |
+--------+------------+-------------+--------------+--------+------------+
124 rows in set, 1 warning (0.001 sec)

MariaDB [fisher25]> select * from employees where hire_date > 1990-01-01;
+--------+------------+-------------+--------------+--------+------------+
| emp_no | birth_date | first_name  | last_name    | gender | hire_date  |
+--------+------------+-------------+--------------+--------+------------+
|  10001 | 1953-09-02 | Georgi      | Facello      | M      | 1986-06-26 |
|  10002 | 1964-06-02 | Bezalel     | Simmel       | F      | 1985-11-21 |
|  10003 | 1959-12-03 | Parto       | Bamford      | M      | 1986-08-28 |
|  10004 | 1954-05-01 | Chirstian   | Koblick      | M      | 1986-12-01 |
|  10005 | 1955-01-21 | Kyoichi     | Maliniak     | M      | 1989-09-12 |
|  10006 | 1953-04-20 | Anneke      | Preusig      | F      | 1989-06-02 |
|  10007 | 1957-05-23 | Tzvetan     | Zielinski    | F      | 1989-02-10 |
|  10008 | 1958-02-19 | Saniya      | Kalloufi     | M      | 1994-09-15 |
|  10009 | 1952-04-19 | Sumant      | Peac         | F      | 1985-02-18 |
|  10010 | 1963-06-01 | Duangkaew   | Piveteau     | F      | 1989-08-24 |
|  10011 | 1953-11-07 | Mary        | Sluis        | F      | 1990-01-22 |
|  10012 | 1960-10-04 | Patricio    | Bridgland    | M      | 1992-12-18 |
|  10013 | 1963-06-07 | Eberhardt   | Terkki       | M      | 1985-10-20 |
|  10014 | 1956-02-12 | Berni       | Genin        | M      | 1987-03-11 |
|  10015 | 1959-08-19 | Guoxiang    | Nooteboom    | M      | 1987-07-02 |
|  10016 | 1961-05-02 | Kazuhito    | Cappelletti  | M      | 1995-01-27 |
|  10017 | 1958-07-06 | Cristinel   | Bouloucos    | F      | 1993-08-03 |
|  10018 | 1954-06-19 | Kazuhide    | Peha         | F      | 1987-04-03 |
|  10019 | 1953-01-23 | Lillian     | Haddadi      | M      | 1999-04-30 |
|  10020 | 1952-12-24 | Mayuko      | Warwick      | M      | 1991-01-26 |
|  10021 | 1960-02-20 | Ramzi       | Erde         | M      | 1988-02-10 |
|  10022 | 1952-07-08 | Shahaf      | Famili       | M      | 1995-08-22 |
|  10023 | 1953-09-29 | Bojan       | Montemayor   | F      | 1989-12-17 |
|  10024 | 1958-09-05 | Suzette     | Pettey       | F      | 1997-05-19 |
|  10025 | 1958-10-31 | Prasadram   | Heyers       | M      | 1987-08-17 |
|  10026 | 1953-04-03 | Yongqiao    | Berztiss     | M      | 1995-03-20 |
|  10027 | 1962-07-10 | Divier      | Reistad      | F      | 1989-07-07 |
|  10028 | 1963-11-26 | Domenick    | Tempesti     | M      | 1991-10-22 |
|  10029 | 1956-12-13 | Otmar       | Herbst       | M      | 1985-11-20 |
|  10030 | 1958-07-14 | Elvis       | Demeyer      | M      | 1994-02-17 |
|  10031 | 1959-01-27 | Karsten     | Joslin       | M      | 1991-09-01 |
|  10032 | 1960-08-09 | Jeong       | Reistad      | F      | 1990-06-20 |
|  10033 | 1956-11-14 | Arif        | Merlo        | M      | 1987-03-18 |
|  10034 | 1962-12-29 | Bader       | Swan         | M      | 1988-09-21 |
|  10035 | 1953-02-08 | Alain       | Chappelet    | M      | 1988-09-05 |
|  10036 | 1959-08-10 | Adamantios  | Portugali    | M      | 1992-01-03 |
|  10037 | 1963-07-22 | Pradeep     | Makrucki     | M      | 1990-12-05 |
|  10038 | 1960-07-20 | Huan        | Lortz        | M      | 1989-09-20 |
|  10039 | 1959-10-01 | Alejandro   | Brender      | M      | 1988-01-19 |
|  10040 | 1959-09-13 | Weiyi       | Meriste      | F      | 1993-02-14 |
|  10041 | 1959-08-27 | Uri         | Lenart       | F      | 1989-11-12 |
|  10042 | 1956-02-26 | Magy        | Stamatiou    | F      | 1993-03-21 |
|  10043 | 1960-09-19 | Yishay      | Tzvieli      | M      | 1990-10-20 |
|  10044 | 1961-09-21 | Mingsen     | Casley       | F      | 1994-05-21 |
|  10045 | 1957-08-14 | Moss        | Shanbhogue   | M      | 1989-09-02 |
|  10046 | 1960-07-23 | Lucien      | Rosenbaum    | M      | 1992-06-20 |
|  10047 | 1952-06-29 | Zvonko      | Nyanchama    | M      | 1989-03-31 |
|  10048 | 1963-07-11 | Florian     | Syrotiuk     | M      | 1985-02-24 |
|  10049 | 1961-04-24 | Basil       | Tramer       | F      | 1992-05-04 |
|  10050 | 1958-05-21 | Yinghua     | Dredge       | M      | 1990-12-25 |
|  10051 | 1953-07-28 | Hidefumi    | Caine        | M      | 1992-10-15 |
|  10052 | 1961-02-26 | Heping      | Nitsch       | M      | 1988-05-21 |
|  10053 | 1954-09-13 | Sanjiv      | Zschoche     | F      | 1986-02-04 |
|  10054 | 1957-04-04 | Mayumi      | Schueller    | M      | 1995-03-13 |
|  10055 | 1956-06-06 | Georgy      | Dredge       | M      | 1992-04-27 |
|  10056 | 1961-09-01 | Brendon     | Bernini      | F      | 1990-02-01 |
|  10057 | 1954-05-30 | Ebbe        | Callaway     | F      | 1992-01-15 |
|  10058 | 1954-10-01 | Berhard     | McFarlin     | M      | 1987-04-13 |
|  10059 | 1953-09-19 | Alejandro   | McAlpine     | F      | 1991-06-26 |
|  10060 | 1961-10-15 | Breannda    | Billingsley  | M      | 1987-11-02 |
|  10061 | 1962-10-19 | Tse         | Herber       | M      | 1985-09-17 |
|  10062 | 1961-11-02 | Anoosh      | Peyn         | M      | 1991-08-30 |
|  10063 | 1952-08-06 | Gino        | Leonhardt    | F      | 1989-04-08 |
|  10064 | 1959-04-07 | Udi         | Jansch       | M      | 1985-11-20 |
|  10065 | 1963-04-14 | Satosi      | Awdeh        | M      | 1988-05-18 |
|  10066 | 1952-11-13 | Kwee        | Schusler     | M      | 1986-02-26 |
|  10067 | 1953-01-07 | Claudi      | Stavenow     | M      | 1987-03-04 |
|  10068 | 1962-11-26 | Charlene    | Brattka      | M      | 1987-08-07 |
|  10069 | 1960-09-06 | Margareta   | Bierman      | F      | 1989-11-05 |
|  10070 | 1955-08-20 | Reuven      | Garigliano   | M      | 1985-10-14 |
|  10071 | 1958-01-21 | Hisao       | Lipner       | M      | 1987-10-01 |
|  10072 | 1952-05-15 | Hironoby    | Sidou        | F      | 1988-07-21 |
|  10073 | 1954-02-23 | Shir        | McClurg      | M      | 1991-12-01 |
|  10074 | 1955-08-28 | Mokhtar     | Bernatsky    | F      | 1990-08-13 |
|  10075 | 1960-03-09 | Gao         | Dolinsky     | F      | 1987-03-19 |
|  10076 | 1952-06-13 | Erez        | Ritzmann     | F      | 1985-07-09 |
|  10077 | 1964-04-18 | Mona        | Azuma        | M      | 1990-03-02 |
|  10078 | 1959-12-25 | Danel       | Mondadori    | F      | 1987-05-26 |
|  10079 | 1961-10-05 | Kshitij     | Gils         | F      | 1986-03-27 |
|  10080 | 1957-12-03 | Premal      | Baek         | M      | 1985-11-19 |
|  10081 | 1960-12-17 | Zhongwei    | Rosen        | M      | 1986-10-30 |
|  10082 | 1963-09-09 | Parviz      | Lortz        | M      | 1990-01-03 |
|  10083 | 1959-07-23 | Vishv       | Zockler      | M      | 1987-03-31 |
|  10084 | 1960-05-25 | Tuval       | Kalloufi     | M      | 1995-12-15 |
|  10085 | 1962-11-07 | Kenroku     | Malabarba    | M      | 1994-04-09 |
|  10086 | 1962-11-19 | Somnath     | Foote        | M      | 1990-02-16 |
|  10087 | 1959-07-23 | Xinglin     | Eugenio      | F      | 1986-09-08 |
|  10088 | 1954-02-25 | Jungsoon    | Syrzycki     | F      | 1988-09-02 |
|  10089 | 1963-03-21 | Sudharsan   | Flasterstein | F      | 1986-08-12 |
|  10090 | 1961-05-30 | Kendra      | Hofting      | M      | 1986-03-14 |
|  10091 | 1955-10-04 | Amabile     | Gomatam      | M      | 1992-11-18 |
|  10092 | 1964-10-18 | Valdiodio   | Niizuma      | F      | 1989-09-22 |
|  10093 | 1964-06-11 | Sailaja     | Desikan      | M      | 1996-11-05 |
|  10094 | 1957-05-25 | Arumugam    | Ossenbruggen | F      | 1987-04-18 |
|  10095 | 1965-01-03 | Hilari      | Morton       | M      | 1986-07-15 |
|  10096 | 1954-09-16 | Jayson      | Mandell      | M      | 1990-01-14 |
|  10097 | 1952-02-27 | Remzi       | Waschkowski  | M      | 1990-09-15 |
|  10098 | 1961-09-23 | Sreekrishna | Servieres    | F      | 1985-05-13 |
|  10099 | 1956-05-25 | Valter      | Sullins      | F      | 1988-10-18 |
| 110000 | 1956-07-28 | Supot       | Herath       | M      | 1987-07-07 |
| 110022 | 1956-09-12 | Margareta   | Markovitch   | M      | 1985-01-01 |
| 110039 | 1963-06-21 | Vishwani    | Minakawa     | M      | 1986-04-12 |
| 110085 | 1959-10-28 | Ebru        | Alpin        | M      | 1985-01-01 |
| 110114 | 1957-03-28 | Isamu       | Legleitner   | F      | 1985-01-14 |
| 110183 | 1953-06-24 | Shirish     | Ossenbruggen | F      | 1985-01-01 |
| 110228 | 1958-12-02 | Karsten     | Sigstam      | F      | 1985-08-04 |
| 110303 | 1956-06-08 | Krassimir   | Wegerle      | F      | 1985-01-01 |
| 110344 | 1961-09-07 | Rosine      | Cools        | F      | 1985-11-22 |
| 110386 | 1953-10-04 | Shem        | Kieras       | M      | 1988-10-14 |
| 110420 | 1963-07-27 | Oscar       | Ghazalie     | M      | 1992-02-05 |
| 110511 | 1957-07-08 | DeForest    | Hagimont     | M      | 1985-01-01 |
| 110567 | 1964-04-25 | Leon        | DasSarma     | F      | 1986-10-21 |
| 110725 | 1961-03-14 | Peternela   | Onuegbe      | F      | 1985-01-01 |
| 110765 | 1954-05-22 | Rutger      | Hofmeyr      | F      | 1989-01-07 |
| 110800 | 1963-02-07 | Sanjoy      | Quadeer      | F      | 1986-08-12 |
| 110854 | 1960-08-19 | Dung        | Pesch        | M      | 1989-06-09 |
| 111035 | 1962-02-24 | Przemyslawa | Kaelbling    | M      | 1985-01-01 |
| 111133 | 1955-03-16 | Hauke       | Zhang        | M      | 1986-12-30 |
| 111400 | 1959-11-09 | Arie        | Staelin      | M      | 1985-01-01 |
| 111534 | 1952-06-27 | Hilary      | Kambil       | F      | 1988-01-31 |
| 111692 | 1954-10-05 | Tonny       | Butterworth  | F      | 1985-01-01 |
| 111784 | 1956-06-14 | Marjo       | Giarratana   | F      | 1988-02-12 |
| 111877 | 1962-10-18 | Xiaobin     | Spinelli     | F      | 1991-08-17 |
| 111939 | 1960-03-25 | Yuchang     | Weedman      | M      | 1989-07-10 |
+--------+------------+-------------+--------------+--------+------------+
124 rows in set, 1 warning (0.001 sec)

MariaDB [fisher25]> select * from employees where hire_date > '1990-01-01';
+--------+------------+------------+-------------+--------+------------+
| emp_no | birth_date | first_name | last_name   | gender | hire_date  |
+--------+------------+------------+-------------+--------+------------+
|  10008 | 1958-02-19 | Saniya     | Kalloufi    | M      | 1994-09-15 |
|  10011 | 1953-11-07 | Mary       | Sluis       | F      | 1990-01-22 |
|  10012 | 1960-10-04 | Patricio   | Bridgland   | M      | 1992-12-18 |
|  10016 | 1961-05-02 | Kazuhito   | Cappelletti | M      | 1995-01-27 |
|  10017 | 1958-07-06 | Cristinel  | Bouloucos   | F      | 1993-08-03 |
|  10019 | 1953-01-23 | Lillian    | Haddadi     | M      | 1999-04-30 |
|  10020 | 1952-12-24 | Mayuko     | Warwick     | M      | 1991-01-26 |
|  10022 | 1952-07-08 | Shahaf     | Famili      | M      | 1995-08-22 |
|  10024 | 1958-09-05 | Suzette    | Pettey      | F      | 1997-05-19 |
|  10026 | 1953-04-03 | Yongqiao   | Berztiss    | M      | 1995-03-20 |
|  10028 | 1963-11-26 | Domenick   | Tempesti    | M      | 1991-10-22 |
|  10030 | 1958-07-14 | Elvis      | Demeyer     | M      | 1994-02-17 |
|  10031 | 1959-01-27 | Karsten    | Joslin      | M      | 1991-09-01 |
|  10032 | 1960-08-09 | Jeong      | Reistad     | F      | 1990-06-20 |
|  10036 | 1959-08-10 | Adamantios | Portugali   | M      | 1992-01-03 |
|  10037 | 1963-07-22 | Pradeep    | Makrucki    | M      | 1990-12-05 |
|  10040 | 1959-09-13 | Weiyi      | Meriste     | F      | 1993-02-14 |
|  10042 | 1956-02-26 | Magy       | Stamatiou   | F      | 1993-03-21 |
|  10043 | 1960-09-19 | Yishay     | Tzvieli     | M      | 1990-10-20 |
|  10044 | 1961-09-21 | Mingsen    | Casley      | F      | 1994-05-21 |
|  10046 | 1960-07-23 | Lucien     | Rosenbaum   | M      | 1992-06-20 |
|  10049 | 1961-04-24 | Basil      | Tramer      | F      | 1992-05-04 |
|  10050 | 1958-05-21 | Yinghua    | Dredge      | M      | 1990-12-25 |
|  10051 | 1953-07-28 | Hidefumi   | Caine       | M      | 1992-10-15 |
|  10054 | 1957-04-04 | Mayumi     | Schueller   | M      | 1995-03-13 |
|  10055 | 1956-06-06 | Georgy     | Dredge      | M      | 1992-04-27 |
|  10056 | 1961-09-01 | Brendon    | Bernini     | F      | 1990-02-01 |
|  10057 | 1954-05-30 | Ebbe       | Callaway    | F      | 1992-01-15 |
|  10059 | 1953-09-19 | Alejandro  | McAlpine    | F      | 1991-06-26 |
|  10062 | 1961-11-02 | Anoosh     | Peyn        | M      | 1991-08-30 |
|  10073 | 1954-02-23 | Shir       | McClurg     | M      | 1991-12-01 |
|  10074 | 1955-08-28 | Mokhtar    | Bernatsky   | F      | 1990-08-13 |
|  10077 | 1964-04-18 | Mona       | Azuma       | M      | 1990-03-02 |
|  10082 | 1963-09-09 | Parviz     | Lortz       | M      | 1990-01-03 |
|  10084 | 1960-05-25 | Tuval      | Kalloufi    | M      | 1995-12-15 |
|  10085 | 1962-11-07 | Kenroku    | Malabarba   | M      | 1994-04-09 |
|  10086 | 1962-11-19 | Somnath    | Foote       | M      | 1990-02-16 |
|  10091 | 1955-10-04 | Amabile    | Gomatam     | M      | 1992-11-18 |
|  10093 | 1964-06-11 | Sailaja    | Desikan     | M      | 1996-11-05 |
|  10096 | 1954-09-16 | Jayson     | Mandell     | M      | 1990-01-14 |
|  10097 | 1952-02-27 | Remzi      | Waschkowski | M      | 1990-09-15 |
| 110420 | 1963-07-27 | Oscar      | Ghazalie    | M      | 1992-02-05 |
| 111877 | 1962-10-18 | Xiaobin    | Spinelli    | F      | 1991-08-17 |
+--------+------------+------------+-------------+--------+------------+
43 rows in set (0.001 sec)

MariaDB [fisher25]> select * from employees where hire_date > '1990-01-01' order by gender;
+--------+------------+------------+-------------+--------+------------+
| emp_no | birth_date | first_name | last_name   | gender | hire_date  |
+--------+------------+------------+-------------+--------+------------+
| 110420 | 1963-07-27 | Oscar      | Ghazalie    | M      | 1992-02-05 |
|  10046 | 1960-07-23 | Lucien     | Rosenbaum   | M      | 1992-06-20 |
|  10091 | 1955-10-04 | Amabile    | Gomatam     | M      | 1992-11-18 |
|  10050 | 1958-05-21 | Yinghua    | Dredge      | M      | 1990-12-25 |
|  10051 | 1953-07-28 | Hidefumi   | Caine       | M      | 1992-10-15 |
|  10054 | 1957-04-04 | Mayumi     | Schueller   | M      | 1995-03-13 |
|  10055 | 1956-06-06 | Georgy     | Dredge      | M      | 1992-04-27 |
|  10062 | 1961-11-02 | Anoosh     | Peyn        | M      | 1991-08-30 |
|  10073 | 1954-02-23 | Shir       | McClurg     | M      | 1991-12-01 |
|  10077 | 1964-04-18 | Mona       | Azuma       | M      | 1990-03-02 |
|  10082 | 1963-09-09 | Parviz     | Lortz       | M      | 1990-01-03 |
|  10084 | 1960-05-25 | Tuval      | Kalloufi    | M      | 1995-12-15 |
|  10085 | 1962-11-07 | Kenroku    | Malabarba   | M      | 1994-04-09 |
|  10086 | 1962-11-19 | Somnath    | Foote       | M      | 1990-02-16 |
|  10093 | 1964-06-11 | Sailaja    | Desikan     | M      | 1996-11-05 |
|  10096 | 1954-09-16 | Jayson     | Mandell     | M      | 1990-01-14 |
|  10097 | 1952-02-27 | Remzi      | Waschkowski | M      | 1990-09-15 |
|  10043 | 1960-09-19 | Yishay     | Tzvieli     | M      | 1990-10-20 |
|  10026 | 1953-04-03 | Yongqiao   | Berztiss    | M      | 1995-03-20 |
|  10020 | 1952-12-24 | Mayuko     | Warwick     | M      | 1991-01-26 |
|  10019 | 1953-01-23 | Lillian    | Haddadi     | M      | 1999-04-30 |
|  10028 | 1963-11-26 | Domenick   | Tempesti    | M      | 1991-10-22 |
|  10016 | 1961-05-02 | Kazuhito   | Cappelletti | M      | 1995-01-27 |
|  10030 | 1958-07-14 | Elvis      | Demeyer     | M      | 1994-02-17 |
|  10031 | 1959-01-27 | Karsten    | Joslin      | M      | 1991-09-01 |
|  10012 | 1960-10-04 | Patricio   | Bridgland   | M      | 1992-12-18 |
|  10036 | 1959-08-10 | Adamantios | Portugali   | M      | 1992-01-03 |
|  10037 | 1963-07-22 | Pradeep    | Makrucki    | M      | 1990-12-05 |
|  10008 | 1958-02-19 | Saniya     | Kalloufi    | M      | 1994-09-15 |
|  10022 | 1952-07-08 | Shahaf     | Famili      | M      | 1995-08-22 |
|  10049 | 1961-04-24 | Basil      | Tramer      | F      | 1992-05-04 |
|  10017 | 1958-07-06 | Cristinel  | Bouloucos   | F      | 1993-08-03 |
|  10011 | 1953-11-07 | Mary       | Sluis       | F      | 1990-01-22 |
|  10024 | 1958-09-05 | Suzette    | Pettey      | F      | 1997-05-19 |
|  10044 | 1961-09-21 | Mingsen    | Casley      | F      | 1994-05-21 |
|  10040 | 1959-09-13 | Weiyi      | Meriste     | F      | 1993-02-14 |
|  10032 | 1960-08-09 | Jeong      | Reistad     | F      | 1990-06-20 |
|  10056 | 1961-09-01 | Brendon    | Bernini     | F      | 1990-02-01 |
|  10057 | 1954-05-30 | Ebbe       | Callaway    | F      | 1992-01-15 |
|  10059 | 1953-09-19 | Alejandro  | McAlpine    | F      | 1991-06-26 |
|  10042 | 1956-02-26 | Magy       | Stamatiou   | F      | 1993-03-21 |
|  10074 | 1955-08-28 | Mokhtar    | Bernatsky   | F      | 1990-08-13 |
| 111877 | 1962-10-18 | Xiaobin    | Spinelli    | F      | 1991-08-17 |
+--------+------------+------------+-------------+--------+------------+
43 rows in set (0.001 sec)

MariaDB [fisher25]> notee
